{"cameraMode":{"drawMode":0,"name":"Shaded","section":"Shading Mode"},"sceneLighting":false,"audioPlay":false,"sceneViewState":{"m_AlwaysRefresh":false,"showFog":true,"showSkybox":true,"showFlares":false,"showImageEffects":true,"showParticleSystems":true,"showVisualEffectGraphs":true,"m_FxEnabled":true},"in2DMode":false,"pivot":{"x":-22.193706512451173,"y":172.88629150390626,"z":36.634517669677737},"rotation":{"x":0.30030015110969546,"y":0.011291530914604664,"z":0.0025330116041004659,"w":0.9543371200561523},"size":0.20493440330028535,"orthographic":false}