{"cameraMode":{"drawMode":0,"name":"Shaded","section":"Shading Mode"},"sceneLighting":true,"audioPlay":false,"sceneViewState":{"m_AlwaysRefresh":false,"showFog":true,"showSkybox":true,"showFlares":true,"showImageEffects":true,"showParticleSystems":true,"showVisualEffectGraphs":true,"m_FxEnabled":true},"in2DMode":false,"pivot":{"x":-17.356853485107423,"y":256.6091613769531,"z":-405.1832580566406},"rotation":{"x":-0.4446638226509094,"y":0.003759856801480055,"z":-0.001854908769018948,"w":-0.895697832107544},"size":15.897586822509766,"orthographic":false}