{"cameraMode":{"drawMode":0,"name":"Shaded","section":"Shading Mode"},"sceneLighting":false,"audioPlay":false,"sceneViewState":{"m_AlwaysRefresh":false,"showFog":true,"showSkybox":true,"showFlares":false,"showImageEffects":true,"showParticleSystems":true,"showVisualEffectGraphs":true,"m_FxEnabled":true},"in2DMode":false,"pivot":{"x":-3.1400094032287599,"y":95.22621154785156,"z":-225.84129333496095},"rotation":{"x":0.17452917993068696,"y":-0.01788279414176941,"z":0.010072380304336548,"w":0.9849874973297119},"size":33.40473175048828,"orthographic":false}