{"cameraMode":{"drawMode":0,"name":"Shaded","section":"Shading Mode"},"sceneLighting":true,"audioPlay":false,"sceneViewState":{"m_AlwaysRefresh":false,"showFog":true,"showSkybox":true,"showFlares":true,"showImageEffects":true,"showParticleSystems":true,"showVisualEffectGraphs":true,"m_FxEnabled":true},"in2DMode":false,"pivot":{"x":-47.6096076965332,"y":112.02996826171875,"z":-176.75811767578126},"rotation":{"x":0.33793699741363528,"y":-0.03881100192666054,"z":0.014079435728490353,"w":0.9403583407402039},"size":10.604177474975586,"orthographic":false}