{"cameraMode":{"drawMode":0,"name":"Shaded","section":"Shading Mode"},"sceneLighting":false,"audioPlay":false,"sceneViewState":{"m_AlwaysRefresh":false,"showFog":true,"showSkybox":true,"showFlares":false,"showImageEffects":true,"showParticleSystems":true,"showVisualEffectGraphs":true,"m_FxEnabled":true},"in2DMode":false,"pivot":{"x":-27.194881439208986,"y":135.31100463867188,"z":96.50930786132813},"rotation":{"x":0.2996378242969513,"y":-0.044521063566207889,"z":0.020097292959690095,"w":0.953364908695221},"size":0.20493440330028535,"orthographic":false}