{"cameraMode":{"drawMode":0,"name":"Shaded","section":"Shading Mode"},"sceneLighting":true,"audioPlay":false,"sceneViewState":{"m_AlwaysRefresh":false,"showFog":true,"showSkybox":true,"showFlares":true,"showImageEffects":true,"showParticleSystems":true,"showVisualEffectGraphs":true,"m_FxEnabled":true},"in2DMode":false,"pivot":{"x":-6.826867580413818,"y":355.0193176269531,"z":-232.42962646484376},"rotation":{"x":-0.47846007347106936,"y":0.006046129856258631,"z":-0.0033058845438063146,"w":-0.8781099319458008},"size":12.12435531616211,"orthographic":false}